CREATE TABLE albums (
  alb_id         INT PRIMARY KEY NOT NULL,
  album          VARCHAR(100)    NOT NULL,
  label_id       INT,
  type_id        INT,
  "YEAR"         INT,
  rating         FLOAT,
  num_of_ratings INT
);

CREATE TABLE artists (
  art_id INT PRIMARY KEY NOT NULL,
  artist VARCHAR(100)    NOT NULL
);

CREATE TABLE cds (
  cd_id        INT PRIMARY KEY NOT NULL,
  code         VARCHAR(50)     NOT NULL,
  release_year INT
);

CREATE TABLE alb_art (
  alb_art_id INT PRIMARY KEY NOT NULL,
  alb_id     INT             NOT NULL,
  art_id     INT             NOT NULL
);

CREATE TABLE alb_in_cd (
  alb_cd_id INT PRIMARY KEY NOT NULL,
  cd_id     INT             NOT NULL,
  alb_id    INT             NOT NULL
);

CREATE TABLE labels (
  label_id INT PRIMARY KEY NOT NULL,
  label    VARCHAR(100)    NOT NULL
);

CREATE TABLE types (
  type_id INT PRIMARY KEY NOT NULL,
  type    VARCHAR(40)     NOT NULL
);

CREATE TABLE genres (
  genre_id INT PRIMARY KEY NOT NULL,
  genre    VARCHAR(40)     NOT NULL
);

CREATE TABLE tracks (
  track_id INT PRIMARY KEY NOT NULL,
  art_id   INT             NOT NULL,
  title    VARCHAR(100)    NOT NULL,
  duration TIME
);

CREATE TABLE tracklists (
  trklst_id INT PRIMARY KEY NOT NULL,
  alb_id    INT             NOT NULL,
  track_id  INT             NOT NULL
);

CREATE TABLE playlists (
  pl_id INT PRIMARY KEY NOT NULL,
  name  VARCHAR(200)    NOT NULL
);

CREATE TABLE pl_content (
  pl_cnt_id INT PRIMARY KEY NOT NULL,
  pl_id     INT             NOT NULL,
  track_id  INT             NOT NULL
);

CREATE TABLE alb_genres (
  alb_gen_id INT PRIMARY KEY NOT NULL,
  alb_id     INT             NOT NULL,
  genre_id   INT             NOT NULL
);

COMMIT;

ALTER TABLE albums
  ADD FOREIGN KEY (label_id) REFERENCES labels (label_id);

ALTER TABLE albums
  ADD FOREIGN KEY (type_id) REFERENCES types (type_id);

ALTER TABLE alb_art
  ADD FOREIGN KEY (alb_id) REFERENCES albums (alb_id);

ALTER TABLE alb_art
  ADD FOREIGN KEY (art_id) REFERENCES artists (art_id);

ALTER TABLE alb_in_cd
  ADD FOREIGN KEY (cd_id) REFERENCES cds (cd_id);

ALTER TABLE alb_in_cd
  ADD FOREIGN KEY (alb_id) REFERENCES albums (alb_id);

ALTER TABLE tracks
  ADD FOREIGN KEY (art_id) REFERENCES artists (art_id);

ALTER TABLE tracklists
  ADD FOREIGN KEY (alb_id) REFERENCES albums (alb_id);

ALTER TABLE tracklists
  ADD FOREIGN KEY (track_id) REFERENCES tracks (track_id);

ALTER TABLE pl_content
  ADD FOREIGN KEY (pl_id) REFERENCES playlists (pl_id);

ALTER TABLE pl_content
  ADD FOREIGN KEY (track_id) REFERENCES tracks (track_id);

ALTER TABLE alb_genres
  ADD FOREIGN KEY (alb_id) REFERENCES albums (alb_id);

ALTER TABLE alb_genres
  ADD FOREIGN KEY (genre_id) REFERENCES genres (genre_id);

COMMIT;

INSERT INTO CDS VALUES (1, 'JNCD-0001', 2014);
INSERT INTO CDS VALUES (2, 'JNCD-0002', 2015);
INSERT INTO CDS VALUES (3, 'JNCD-0003', 2015);
INSERT INTO CDS VALUES (4, 'JNCD-0004', 2016);
INSERT INTO CDS VALUES (5, 'JNEX-0001', 2015);
INSERT INTO CDS VALUES (6, 'LFT-TRAA', 2015);

INSERT INTO LABELS VALUES (1, 'J-NERATION');
INSERT INTO LABELS VALUES (2, 'Unknown Label');
INSERT INTO LABELS VALUES (3, 'LapFox Trax');

INSERT INTO TYPES VALUES (1, 'Single');
INSERT INTO TYPES VALUES (2, 'EP');
INSERT INTO TYPES VALUES (3, 'LP');
INSERT INTO TYPES VALUES (4, 'Split');
INSERT INTO TYPES VALUES (5, 'OST');
INSERT INTO TYPES VALUES (6, 'Remix');
INSERT INTO TYPES VALUES (7, 'Greatest Hits');
INSERT INTO TYPES VALUES (8, 'Compilation');

INSERT INTO GENRES VALUES (1, 'J-Core');
INSERT INTO GENRES VALUES (2, 'Happy Hardcore');
INSERT INTO GENRES VALUES (3, 'Dark Abient');
INSERT INTO GENRES VALUES (4, 'Hardcore');
INSERT INTO GENRES VALUES (5, 'Rave');
INSERT INTO GENRES VALUES (6, 'Trance');

INSERT INTO ARTISTS VALUES (1, 'Nizikawa');
INSERT INTO ARTISTS VALUES (2, 'Chill');
INSERT INTO ARTISTS VALUES (3, 'ETIA');
INSERT INTO ARTISTS VALUES (4, 'Synagi');
INSERT INTO ARTISTS VALUES (5, 'DJ NECOJITA');
INSERT INTO ARTISTS VALUES (6, 'Freezer');
INSERT INTO ARTISTS VALUES (7, 'gya9');
INSERT INTO ARTISTS VALUES (8, 'DecisionS');
INSERT INTO ARTISTS VALUES (9, 'hurce');
INSERT INTO ARTISTS VALUES (10, 'anubasu-anubasu');
INSERT INTO ARTISTS VALUES (11, 'Le Dos-on');
INSERT INTO ARTISTS VALUES (12, 'you');
INSERT INTO ARTISTS VALUES (13, 'Various Artists');
INSERT INTO ARTISTS VALUES (14, 'Seventhrun');
INSERT INTO ARTISTS VALUES (15, 'Sanaas');
INSERT INTO ARTISTS VALUES (16, 'Nanobii');
INSERT INTO ARTISTS VALUES (17, 'Getty');
INSERT INTO ARTISTS VALUES (18, 'Moomei');
INSERT INTO ARTISTS VALUES (19, 'Srav3R');
INSERT INTO ARTISTS VALUES (20, 'kamome sano');
INSERT INTO ARTISTS VALUES (21, '3r2');
INSERT INTO ARTISTS VALUES (22, 'Sen');
INSERT INTO ARTISTS VALUES (23, 'Rotteen');

INSERT INTO TRACKS VALUES (1, 1, 'Jailbreak', '00:04:48');
INSERT INTO TRACKS VALUES (2, 2, 'Do It Right', '00:05:33');
INSERT INTO TRACKS VALUES (3, 3, 'Killer Bee', '00:04:20');
INSERT INTO TRACKS VALUES (4, 4, 'I''ll Show U', '00:04:17');
INSERT INTO TRACKS VALUES (5, 5, 'Lucky Eyes', '00:04:54');
INSERT INTO TRACKS VALUES (6, 6, 'Lost Sign', '00:05:11');
INSERT INTO TRACKS VALUES (7, 7, 'promise', '00:05:04');
INSERT INTO TRACKS VALUES (8, 8, 'Frivolous Love', '00:04:57');
INSERT INTO TRACKS VALUES (9, 9, 'Short Circuit', '00:05:18');
INSERT INTO TRACKS VALUES (10, 10, 'Shocking', '00:04:25');
INSERT INTO TRACKS VALUES (11, 11, 'Nu Clear', '00:06:59');
INSERT INTO TRACKS VALUES (12, 12, 'Mermaid Wink', '00:05:38');
INSERT INTO TRACKS VALUES (13, 12, 'Shang A Lang', '00:04:27');
INSERT INTO TRACKS VALUES (14, 14, 'Chasing The Sun', '00:05:32');
INSERT INTO TRACKS VALUES (15, 2, 'Eorthe', '00:05:33');
INSERT INTO TRACKS VALUES (16, 4, 'Ikutose', '00:04:32');
INSERT INTO TRACKS VALUES (17, 1, 'SCREEEEEAM!!', '00:05:13');
INSERT INTO TRACKS VALUES (18, 5, 'Black Box', '00:04:39');
INSERT INTO TRACKS VALUES (19, 6, 'Lemonade', '00:04:26');
INSERT INTO TRACKS VALUES (20, 9, 'Sheperd N', '00:05:32');
INSERT INTO TRACKS VALUES (21, 10, 'Screech Freaks', '00:05:08');
INSERT INTO TRACKS VALUES (22, 15, 'Polestar', '00:05:56');
INSERT INTO TRACKS VALUES (23, 7, 'Dazzle', '00:05:16');
INSERT INTO TRACKS VALUES (24, 12, 'Butterfly Lily', '00:05:02');
INSERT INTO TRACKS VALUES (25, 16, 'Hyper Drive', '00:03:19');
INSERT INTO TRACKS VALUES (26, 12, 'Lets Jump', '00:04:42');
INSERT INTO TRACKS VALUES (27, 5, 'Caramel Soundwave', '00:04:18');
INSERT INTO TRACKS VALUES (28, 3, 'Vivid Frog', '00:04:15');
INSERT INTO TRACKS VALUES (29, 1, 'Utopia', '00:05:35');
INSERT INTO TRACKS VALUES (30, 14, 'Siren', '00:04:29');
INSERT INTO TRACKS VALUES (31, 4, 'Tokoshie', '00:05:34');
INSERT INTO TRACKS VALUES (32, 6, 'Collapse', '00:05:10');
INSERT INTO TRACKS VALUES (33, 7, 'Nirai Kanai', '00:04:52');
INSERT INTO TRACKS VALUES (34, 2, 'By Your Side', '00:06:05');
INSERT INTO TRACKS VALUES (35, 9, 'Doline', '00:04:48');
INSERT INTO TRACKS VALUES (36, 10, 'Epsilon', '00:05:10');
INSERT INTO TRACKS VALUES (37, 15, 'Reinforce', '00:04:55');
INSERT INTO TRACKS VALUES (38, 16, 'popsicle beach', '00:02:49');
INSERT INTO TRACKS VALUES (39, 12, 'Here We Go!', '00:04:37');
INSERT INTO TRACKS VALUES (40, 5, 'Subliminal Incarnate', '00:05:37');
INSERT INTO TRACKS VALUES (41, 17, 'Jumper', '00:05:02');
INSERT INTO TRACKS VALUES (42, 14, 'GroundShaker', '00:03:57');
INSERT INTO TRACKS VALUES (43, 6, 'Falling Down', '00:03:28');
INSERT INTO TRACKS VALUES (44, 1, 'Error of Fortune', '00:04:03');
INSERT INTO TRACKS VALUES (45, 10, 'Arabian Fighter', '00:04:10');
INSERT INTO TRACKS VALUES (46, 18, 'Skyrocket', '00:04:38');
INSERT INTO TRACKS VALUES (47, 7, 'Vengeful Spirit', '00:05:13');
INSERT INTO TRACKS VALUES (48, 4, 'Fading', '00:04:54');
INSERT INTO TRACKS VALUES (49, 19, 'Disco Light', '00:04:42');
INSERT INTO TRACKS VALUES (50, 15, 'Aeolis', '00:04:39');
INSERT INTO TRACKS VALUES (51, 12, 'Diamond Smile', '00:05:27');
INSERT INTO TRACKS VALUES (52, 12, 'Jewelry Sugar', '00:04:05');
INSERT INTO TRACKS VALUES (53, 12, 'Citron Heart', '00:04:26');
INSERT INTO TRACKS VALUES (54, 12, 'Dandelion', '00:04:17');
INSERT INTO TRACKS VALUES (55, 12, 'Mermaid Wink (2015 Update)', '00:05:38');
INSERT INTO TRACKS VALUES (56, 12, 'Everything', '00:05:43');
INSERT INTO TRACKS VALUES (57, 12, 'Forever Dancing', '00:05:25');
INSERT INTO TRACKS VALUES (58, 12, 'Smile Diary (2015 Update)', '00:04:48');
INSERT INTO TRACKS VALUES (59, 12, 'Glitter Glitch', '00:03:31');
INSERT INTO TRACKS VALUES (60, 12, 'Altair (asterisk Remix)', '00:04:03');
INSERT INTO TRACKS VALUES (61, 20, 'Shan a Lang (kamome sano Remix)', '00:05:58');
INSERT INTO TRACKS VALUES (62, 21, 'Diamond Smile (3r2''s Happiness Remix)', '00:04:07');
INSERT INTO TRACKS VALUES (63, 12, 'Oyasumi Starlight', '00:01:52');
INSERT INTO TRACKS VALUES (64, 22, 'Drevis Residence', '00:02:29');
INSERT INTO TRACKS VALUES (65, 22, 'Light Left', '00:02:32');
INSERT INTO TRACKS VALUES (66, 22, 'Memory', '00:04:17');
INSERT INTO TRACKS VALUES (67, 23, 'Mary in the Hedgemaze II', '00:03:52');
INSERT INTO TRACKS VALUES (68, 23, 'The Last Machine I Trusted', '00:04:46');
INSERT INTO TRACKS VALUES (69, 23, 'Rave N'' Roll', '00:08:48');
INSERT INTO TRACKS VALUES (70, 23, 'Don''t Keep Me a Secret', '00:04:44');
INSERT INTO TRACKS VALUES (71, 23, 'Ignorant to the Void', '00:07:38');
INSERT INTO TRACKS VALUES (72, 23, 'Letdown Around the Bend', '00:05:51');
INSERT INTO TRACKS VALUES (73, 23, 'Mary in the Hedgemaze II', '00:06:01');

INSERT INTO PLAYLISTS VALUES (1, 'J-NERATION BEST');

INSERT INTO PL_CONTENT VALUES (1, 1, 4);
INSERT INTO PL_CONTENT VALUES (2, 1, 5);
INSERT INTO PL_CONTENT VALUES (3, 1, 13);
INSERT INTO PL_CONTENT VALUES (4, 1, 15);
INSERT INTO PL_CONTENT VALUES (5, 1, 16);
INSERT INTO PL_CONTENT VALUES (6, 1, 18);
INSERT INTO PL_CONTENT VALUES (7, 1, 22);
INSERT INTO PL_CONTENT VALUES (8, 1, 23);
INSERT INTO PL_CONTENT VALUES (9, 1, 25);
INSERT INTO PL_CONTENT VALUES (10, 1, 26);
INSERT INTO PL_CONTENT VALUES (11, 1, 27);
INSERT INTO PL_CONTENT VALUES (12, 1, 30);
INSERT INTO PL_CONTENT VALUES (13, 1, 31);
INSERT INTO PL_CONTENT VALUES (14, 1, 33);
INSERT INTO PL_CONTENT VALUES (15, 1, 34);
INSERT INTO PL_CONTENT VALUES (16, 1, 36);
INSERT INTO PL_CONTENT VALUES (17, 1, 37);
INSERT INTO PL_CONTENT VALUES (18, 1, 40);
INSERT INTO PL_CONTENT VALUES (19, 1, 41);
INSERT INTO PL_CONTENT VALUES (20, 1, 42);
INSERT INTO PL_CONTENT VALUES (21, 1, 43);
INSERT INTO PL_CONTENT VALUES (22, 1, 45);
INSERT INTO PL_CONTENT VALUES (23, 1, 49);

INSERT INTO ALBUMS VALUES (1, 'J-NERATION', 1, 8, 2014, 4, 1);
INSERT INTO ALBUMS VALUES (2, 'J-NERATION 2', 1, 8, 2015, 5, 1);
INSERT INTO ALBUMS VALUES (3, 'J-NERATION 3', 1, 8, 2015, 5, 1);
INSERT INTO ALBUMS VALUES (4, 'J-NERATION 4', 1, 8, 2016, 4, 1);
INSERT INTO ALBUMS VALUES (5, 'Diamond Smile', 1, 3, 2015, 3, 1);
INSERT INTO ALBUMS VALUES (6, 'Mad Father', 2, 5, 2012, 5, 1);
INSERT INTO ALBUMS VALUES (7, 'The Recovery of the Absolute Artifact', 3, 3, 2015, 5, 1);

INSERT INTO ALB_GENRES VALUES (1, 1, 1);
INSERT INTO ALB_GENRES VALUES (2, 2, 1);
INSERT INTO ALB_GENRES VALUES (3, 3, 1);
INSERT INTO ALB_GENRES VALUES (4, 4, 1);
INSERT INTO ALB_GENRES VALUES (5, 5, 2);
INSERT INTO ALB_GENRES VALUES (6, 6, 3);
INSERT INTO ALB_GENRES VALUES (7, 7, 4);
INSERT INTO ALB_GENRES VALUES (8, 7, 5);
INSERT INTO ALB_GENRES VALUES (9, 7, 6);

INSERT INTO ALB_IN_CD VALUES (1, 1, 1);
INSERT INTO ALB_IN_CD VALUES (2, 2, 2);
INSERT INTO ALB_IN_CD VALUES (3, 3, 3);
INSERT INTO ALB_IN_CD VALUES (4, 4, 4);
INSERT INTO ALB_IN_CD VALUES (5, 5, 5);
INSERT INTO ALB_IN_CD VALUES (6, 6, 7);

INSERT INTO ALB_ART VALUES (1, 1, 13);
INSERT INTO ALB_ART VALUES (2, 2, 13);
INSERT INTO ALB_ART VALUES (3, 3, 13);
INSERT INTO ALB_ART VALUES (4, 4, 13);
INSERT INTO ALB_ART VALUES (5, 5, 12);
INSERT INTO ALB_ART VALUES (6, 6, 22);
INSERT INTO ALB_ART VALUES (7, 7, 23);

INSERT INTO TRACKLISTS VALUES (1, 1, 1);
INSERT INTO TRACKLISTS VALUES (2, 1, 2);
INSERT INTO TRACKLISTS VALUES (3, 1, 3);
INSERT INTO TRACKLISTS VALUES (4, 1, 4);
INSERT INTO TRACKLISTS VALUES (5, 1, 5);
INSERT INTO TRACKLISTS VALUES (6, 1, 6);
INSERT INTO TRACKLISTS VALUES (7, 1, 7);
INSERT INTO TRACKLISTS VALUES (8, 1, 8);
INSERT INTO TRACKLISTS VALUES (9, 1, 9);
INSERT INTO TRACKLISTS VALUES (10, 1, 10);
INSERT INTO TRACKLISTS VALUES (11, 1, 11);
INSERT INTO TRACKLISTS VALUES (12, 1, 12);
INSERT INTO TRACKLISTS VALUES (13, 2, 13);
INSERT INTO TRACKLISTS VALUES (14, 2, 14);
INSERT INTO TRACKLISTS VALUES (15, 2, 15);
INSERT INTO TRACKLISTS VALUES (16, 2, 16);
INSERT INTO TRACKLISTS VALUES (17, 2, 17);
INSERT INTO TRACKLISTS VALUES (18, 2, 18);
INSERT INTO TRACKLISTS VALUES (19, 2, 19);
INSERT INTO TRACKLISTS VALUES (20, 2, 20);
INSERT INTO TRACKLISTS VALUES (21, 2, 21);
INSERT INTO TRACKLISTS VALUES (22, 2, 22);
INSERT INTO TRACKLISTS VALUES (23, 2, 23);
INSERT INTO TRACKLISTS VALUES (24, 2, 24);
INSERT INTO TRACKLISTS VALUES (25, 3, 25);
INSERT INTO TRACKLISTS VALUES (26, 3, 26);
INSERT INTO TRACKLISTS VALUES (27, 3, 27);
INSERT INTO TRACKLISTS VALUES (28, 3, 28);
INSERT INTO TRACKLISTS VALUES (29, 3, 29);
INSERT INTO TRACKLISTS VALUES (30, 3, 30);
INSERT INTO TRACKLISTS VALUES (31, 3, 31);
INSERT INTO TRACKLISTS VALUES (32, 3, 32);
INSERT INTO TRACKLISTS VALUES (33, 3, 33);
INSERT INTO TRACKLISTS VALUES (34, 3, 34);
INSERT INTO TRACKLISTS VALUES (35, 3, 35);
INSERT INTO TRACKLISTS VALUES (36, 3, 36);
INSERT INTO TRACKLISTS VALUES (37, 3, 37);
INSERT INTO TRACKLISTS VALUES (38, 4, 38);
INSERT INTO TRACKLISTS VALUES (39, 4, 39);
INSERT INTO TRACKLISTS VALUES (40, 4, 40);
INSERT INTO TRACKLISTS VALUES (41, 4, 41);
INSERT INTO TRACKLISTS VALUES (42, 4, 42);
INSERT INTO TRACKLISTS VALUES (43, 4, 43);
INSERT INTO TRACKLISTS VALUES (44, 4, 44);
INSERT INTO TRACKLISTS VALUES (45, 4, 45);
INSERT INTO TRACKLISTS VALUES (46, 4, 46);
INSERT INTO TRACKLISTS VALUES (47, 4, 47);
INSERT INTO TRACKLISTS VALUES (48, 4, 48);
INSERT INTO TRACKLISTS VALUES (49, 4, 49);
INSERT INTO TRACKLISTS VALUES (50, 4, 50);
INSERT INTO TRACKLISTS VALUES (51, 5, 51);
INSERT INTO TRACKLISTS VALUES (52, 5, 52);
INSERT INTO TRACKLISTS VALUES (53, 5, 53);
INSERT INTO TRACKLISTS VALUES (54, 5, 54);
INSERT INTO TRACKLISTS VALUES (55, 5, 55);
INSERT INTO TRACKLISTS VALUES (56, 5, 56);
INSERT INTO TRACKLISTS VALUES (57, 5, 57);
INSERT INTO TRACKLISTS VALUES (58, 5, 58);
INSERT INTO TRACKLISTS VALUES (59, 5, 59);
INSERT INTO TRACKLISTS VALUES (60, 5, 60);
INSERT INTO TRACKLISTS VALUES (61, 5, 61);
INSERT INTO TRACKLISTS VALUES (62, 5, 62);
INSERT INTO TRACKLISTS VALUES (63, 5, 63);
INSERT INTO TRACKLISTS VALUES (64, 6, 64);
INSERT INTO TRACKLISTS VALUES (65, 6, 65);
INSERT INTO TRACKLISTS VALUES (66, 6, 66);
INSERT INTO TRACKLISTS VALUES (67, 7, 67);
INSERT INTO TRACKLISTS VALUES (68, 7, 68);
INSERT INTO TRACKLISTS VALUES (69, 7, 69);
INSERT INTO TRACKLISTS VALUES (70, 7, 70);
INSERT INTO TRACKLISTS VALUES (71, 7, 71);
INSERT INTO TRACKLISTS VALUES (72, 7, 72);
INSERT INTO TRACKLISTS VALUES (73, 7, 73);

COMMIT;